[{"model": "admin.logentry", "pk": 1, "fields": {"action_time": "2023-06-15T12:13:16.291Z", "user": 1, "content_type": 4, "object_id": "2", "object_repr": "User1", "action_flag": 1, "change_message": "[{\"added\": {}}]"}}, {"model": "admin.logentry", "pk": 2, "fields": {"action_time": "2023-06-15T12:21:22.734Z", "user": 1, "content_type": 4, "object_id": "3", "object_repr": "User2", "action_flag": 1, "change_message": "[{\"added\": {}}]"}}, {"model": "admin.logentry", "pk": 3, "fields": {"action_time": "2023-06-15T12:21:38.440Z", "user": 1, "content_type": 4, "object_id": "3", "object_repr": "User2", "action_flag": 2, "change_message": "[{\"changed\": {\"fields\": [\"Staff status\"]}}]"}}, {"model": "admin.logentry", "pk": 4, "fields": {"action_time": "2023-06-15T12:21:56.098Z", "user": 1, "content_type": 4, "object_id": "4", "object_repr": "User3", "action_flag": 1, "change_message": "[{\"added\": {}}]"}}, {"model": "admin.logentry", "pk": 5, "fields": {"action_time": "2023-06-15T12:22:25.799Z", "user": 1, "content_type": 4, "object_id": "4", "object_repr": "User3", "action_flag": 2, "change_message": "[]"}}, {"model": "admin.logentry", "pk": 6, "fields": {"action_time": "2023-06-15T12:23:34.047Z", "user": 1, "content_type": 4, "object_id": "5", "object_repr": "User4", "action_flag": 1, "change_message": "[{\"added\": {}}]"}}, {"model": "admin.logentry", "pk": 7, "fields": {"action_time": "2023-06-15T12:23:39.728Z", "user": 1, "content_type": 4, "object_id": "5", "object_repr": "User4", "action_flag": 2, "change_message": "[{\"changed\": {\"fields\": [\"Staff status\"]}}]"}}, {"model": "admin.logentry", "pk": 8, "fields": {"action_time": "2023-06-15T12:29:07.491Z", "user": 1, "content_type": 3, "object_id": "1", "object_repr": "views", "action_flag": 1, "change_message": "[{\"added\": {}}]"}}, {"model": "admin.logentry", "pk": 9, "fields": {"action_time": "2023-06-15T12:30:12.009Z", "user": 1, "content_type": 4, "object_id": "3", "object_repr": "User2", "action_flag": 2, "change_message": "[{\"changed\": {\"fields\": [\"Groups\"]}}]"}}, {"model": "admin.logentry", "pk": 10, "fields": {"action_time": "2023-06-15T12:30:26.088Z", "user": 1, "content_type": 4, "object_id": "4", "object_repr": "User3", "action_flag": 2, "change_message": "[{\"changed\": {\"fields\": [\"Groups\"]}}]"}}, {"model": "admin.logentry", "pk": 11, "fields": {"action_time": "2023-06-16T17:05:34.225Z", "user": 1, "content_type": 7, "object_id": "1", "object_repr": "Vegetables", "action_flag": 1, "change_message": "[{\"added\": {}}]"}}, {"model": "admin.logentry", "pk": 12, "fields": {"action_time": "2023-06-16T17:05:55.789Z", "user": 1, "content_type": 7, "object_id": "2", "object_repr": "Fruits", "action_flag": 1, "change_message": "[{\"added\": {}}]"}}, {"model": "admin.logentry", "pk": 13, "fields": {"action_time": "2023-06-16T17:06:11.769Z", "user": 1, "content_type": 7, "object_id": "3", "object_repr": "Juice", "action_flag": 1, "change_message": "[{\"added\": {}}]"}}, {"model": "admin.logentry", "pk": 14, "fields": {"action_time": "2023-06-16T17:06:34.531Z", "user": 1, "content_type": 7, "object_id": "4", "object_repr": "Dried", "action_flag": 1, "change_message": "[{\"added\": {}}]"}}, {"model": "admin.logentry", "pk": 15, "fields": {"action_time": "2023-06-16T17:08:39.165Z", "user": 1, "content_type": 8, "object_id": "1", "object_repr": "Bell Pepper", "action_flag": 1, "change_message": "[{\"added\": {}}]"}}, {"model": "admin.logentry", "pk": 16, "fields": {"action_time": "2023-06-16T17:09:11.546Z", "user": 1, "content_type": 8, "object_id": "2", "object_repr": "Strawberry", "action_flag": 1, "change_message": "[{\"added\": {}}]"}}, {"model": "admin.logentry", "pk": 17, "fields": {"action_time": "2023-06-16T17:09:36.168Z", "user": 1, "content_type": 8, "object_id": "3", "object_repr": "Green Beans", "action_flag": 1, "change_message": "[{\"added\": {}}]"}}, {"model": "admin.logentry", "pk": 18, "fields": {"action_time": "2023-06-16T17:10:02.812Z", "user": 1, "content_type": 8, "object_id": "4", "object_repr": "Purple Cabbage", "action_flag": 1, "change_message": "[{\"added\": {}}]"}}, {"model": "admin.logentry", "pk": 19, "fields": {"action_time": "2023-06-16T17:10:24.815Z", "user": 1, "content_type": 8, "object_id": "5", "object_repr": "Tomatoe", "action_flag": 1, "change_message": "[{\"added\": {}}]"}}, {"model": "admin.logentry", "pk": 20, "fields": {"action_time": "2023-06-16T17:11:02.582Z", "user": 1, "content_type": 8, "object_id": "6", "object_repr": "Broccoli", "action_flag": 1, "change_message": "[{\"added\": {}}]"}}, {"model": "admin.logentry", "pk": 21, "fields": {"action_time": "2023-06-16T17:11:16.918Z", "user": 1, "content_type": 8, "object_id": "5", "object_repr": "Tomato", "action_flag": 2, "change_message": "[{\"changed\": {\"fields\": [\"Name\"]}}]"}}, {"model": "admin.logentry", "pk": 22, "fields": {"action_time": "2023-06-16T17:11:29.731Z", "user": 1, "content_type": 8, "object_id": "4", "object_repr": "Purple Cabbage", "action_flag": 2, "change_message": "[]"}}, {"model": "admin.logentry", "pk": 23, "fields": {"action_time": "2023-06-16T17:32:26.176Z", "user": 1, "content_type": 8, "object_id": "8", "object_repr": "Carrots", "action_flag": 3, "change_message": ""}}, {"model": "admin.logentry", "pk": 24, "fields": {"action_time": "2023-06-19T15:12:54.233Z", "user": 1, "content_type": 9, "object_id": "1", "object_repr": "Bell Pepper_30%_2023-06-20 15:12:40+00:00", "action_flag": 1, "change_message": "[{\"added\": {}}]"}}, {"model": "admin.logentry", "pk": 25, "fields": {"action_time": "2023-06-19T15:13:13.577Z", "user": 1, "content_type": 9, "object_id": "2", "object_repr": "Tomato_30%_2023-06-20 15:13:11+00:00", "action_flag": 1, "change_message": "[{\"added\": {}}]"}}, {"model": "admin.logentry", "pk": 26, "fields": {"action_time": "2023-06-19T15:13:29.667Z", "user": 1, "content_type": 9, "object_id": "3", "object_repr": "Onion_30%_2023-06-20 15:13:28+00:00", "action_flag": 1, "change_message": "[{\"added\": {}}]"}}, {"model": "admin.logentry", "pk": 27, "fields": {"action_time": "2023-06-20T14:41:42.927Z", "user": 1, "content_type": 9, "object_id": "1", "object_repr": "Bell Pepper_30%_2023-06-21 14:41:38+00:00", "action_flag": 1, "change_message": "[{\"added\": {}}]"}}, {"model": "admin.logentry", "pk": 28, "fields": {"action_time": "2023-06-20T14:41:57.007Z", "user": 1, "content_type": 9, "object_id": "2", "object_repr": "Tomato_30%_2023-06-21 14:41:55+00:00", "action_flag": 1, "change_message": "[{\"added\": {}}]"}}, {"model": "admin.logentry", "pk": 29, "fields": {"action_time": "2023-06-20T14:42:09.872Z", "user": 1, "content_type": 9, "object_id": "3", "object_repr": "Onion_30%_2023-06-21 14:42:08+00:00", "action_flag": 1, "change_message": "[{\"added\": {}}]"}}, {"model": "admin.logentry", "pk": 30, "fields": {"action_time": "2023-06-21T10:10:38.722Z", "user": 1, "content_type": 4, "object_id": "7", "object_repr": "2e1e13e", "action_flag": 3, "change_message": ""}}, {"model": "admin.logentry", "pk": 31, "fields": {"action_time": "2023-06-21T10:27:26.865Z", "user": 1, "content_type": 4, "object_id": "8", "object_repr": "Qwweq", "action_flag": 3, "change_message": ""}}, {"model": "admin.logentry", "pk": 32, "fields": {"action_time": "2023-06-23T15:47:20.073Z", "user": 1, "content_type": 4, "object_id": "8", "object_repr": "userr", "action_flag": 1, "change_message": "[{\"added\": {}}]"}}, {"model": "admin.logentry", "pk": 33, "fields": {"action_time": "2023-06-23T15:47:28.474Z", "user": 1, "content_type": 4, "object_id": "8", "object_repr": "userr", "action_flag": 2, "change_message": "[{\"changed\": {\"fields\": [\"Active\"]}}]"}}, {"model": "auth.permission", "pk": 1, "fields": {"name": "Can add log entry", "content_type": 1, "codename": "add_logentry"}}, {"model": "auth.permission", "pk": 2, "fields": {"name": "Can change log entry", "content_type": 1, "codename": "change_logentry"}}, {"model": "auth.permission", "pk": 3, "fields": {"name": "Can delete log entry", "content_type": 1, "codename": "delete_logentry"}}, {"model": "auth.permission", "pk": 4, "fields": {"name": "Can view log entry", "content_type": 1, "codename": "view_logentry"}}, {"model": "auth.permission", "pk": 5, "fields": {"name": "Can add permission", "content_type": 2, "codename": "add_permission"}}, {"model": "auth.permission", "pk": 6, "fields": {"name": "Can change permission", "content_type": 2, "codename": "change_permission"}}, {"model": "auth.permission", "pk": 7, "fields": {"name": "Can delete permission", "content_type": 2, "codename": "delete_permission"}}, {"model": "auth.permission", "pk": 8, "fields": {"name": "Can view permission", "content_type": 2, "codename": "view_permission"}}, {"model": "auth.permission", "pk": 9, "fields": {"name": "Can add group", "content_type": 3, "codename": "add_group"}}, {"model": "auth.permission", "pk": 10, "fields": {"name": "Can change group", "content_type": 3, "codename": "change_group"}}, {"model": "auth.permission", "pk": 11, "fields": {"name": "Can delete group", "content_type": 3, "codename": "delete_group"}}, {"model": "auth.permission", "pk": 12, "fields": {"name": "Can view group", "content_type": 3, "codename": "view_group"}}, {"model": "auth.permission", "pk": 13, "fields": {"name": "Can add user", "content_type": 4, "codename": "add_user"}}, {"model": "auth.permission", "pk": 14, "fields": {"name": "Can change user", "content_type": 4, "codename": "change_user"}}, {"model": "auth.permission", "pk": 15, "fields": {"name": "Can delete user", "content_type": 4, "codename": "delete_user"}}, {"model": "auth.permission", "pk": 16, "fields": {"name": "Can view user", "content_type": 4, "codename": "view_user"}}, {"model": "auth.permission", "pk": 17, "fields": {"name": "Can add content type", "content_type": 5, "codename": "add_contenttype"}}, {"model": "auth.permission", "pk": 18, "fields": {"name": "Can change content type", "content_type": 5, "codename": "change_contenttype"}}, {"model": "auth.permission", "pk": 19, "fields": {"name": "Can delete content type", "content_type": 5, "codename": "delete_contenttype"}}, {"model": "auth.permission", "pk": 20, "fields": {"name": "Can view content type", "content_type": 5, "codename": "view_contenttype"}}, {"model": "auth.permission", "pk": 21, "fields": {"name": "Can add session", "content_type": 6, "codename": "add_session"}}, {"model": "auth.permission", "pk": 22, "fields": {"name": "Can change session", "content_type": 6, "codename": "change_session"}}, {"model": "auth.permission", "pk": 23, "fields": {"name": "Can delete session", "content_type": 6, "codename": "delete_session"}}, {"model": "auth.permission", "pk": 24, "fields": {"name": "Can view session", "content_type": 6, "codename": "view_session"}}, {"model": "auth.permission", "pk": 25, "fields": {"name": "Can add category", "content_type": 7, "codename": "add_category"}}, {"model": "auth.permission", "pk": 26, "fields": {"name": "Can change category", "content_type": 7, "codename": "change_category"}}, {"model": "auth.permission", "pk": 27, "fields": {"name": "Can delete category", "content_type": 7, "codename": "delete_category"}}, {"model": "auth.permission", "pk": 28, "fields": {"name": "Can view category", "content_type": 7, "codename": "view_category"}}, {"model": "auth.permission", "pk": 29, "fields": {"name": "Can add product", "content_type": 8, "codename": "add_product"}}, {"model": "auth.permission", "pk": 30, "fields": {"name": "Can change product", "content_type": 8, "codename": "change_product"}}, {"model": "auth.permission", "pk": 31, "fields": {"name": "Can delete product", "content_type": 8, "codename": "delete_product"}}, {"model": "auth.permission", "pk": 32, "fields": {"name": "Can view product", "content_type": 8, "codename": "view_product"}}, {"model": "auth.permission", "pk": 33, "fields": {"name": "Can add discount", "content_type": 9, "codename": "add_discount"}}, {"model": "auth.permission", "pk": 34, "fields": {"name": "Can change discount", "content_type": 9, "codename": "change_discount"}}, {"model": "auth.permission", "pk": 35, "fields": {"name": "Can delete discount", "content_type": 9, "codename": "delete_discount"}}, {"model": "auth.permission", "pk": 36, "fields": {"name": "Can view discount", "content_type": 9, "codename": "view_discount"}}, {"model": "auth.permission", "pk": 37, "fields": {"name": "Can add cart", "content_type": 10, "codename": "add_cart"}}, {"model": "auth.permission", "pk": 38, "fields": {"name": "Can change cart", "content_type": 10, "codename": "change_cart"}}, {"model": "auth.permission", "pk": 39, "fields": {"name": "Can delete cart", "content_type": 10, "codename": "delete_cart"}}, {"model": "auth.permission", "pk": 40, "fields": {"name": "Can view cart", "content_type": 10, "codename": "view_cart"}}, {"model": "auth.permission", "pk": 41, "fields": {"name": "Can add profile", "content_type": 11, "codename": "add_profile"}}, {"model": "auth.permission", "pk": 42, "fields": {"name": "Can change profile", "content_type": 11, "codename": "change_profile"}}, {"model": "auth.permission", "pk": 43, "fields": {"name": "Can delete profile", "content_type": 11, "codename": "delete_profile"}}, {"model": "auth.permission", "pk": 44, "fields": {"name": "Can view profile", "content_type": 11, "codename": "view_profile"}}, {"model": "auth.group", "pk": 1, "fields": {"name": "views", "permissions": [4, 12, 8, 16, 20, 24]}}, {"model": "auth.user", "pk": 1, "fields": {"password": "pbkdf2_sha256$600000$vAcTqS09PA5TeWbQB1de0P$soNDjpOu0OeFHm7Qpy4QaaP05lr8+0rcZMipGdtN5qI=", "last_login": "2023-06-23T15:46:34.411Z", "is_superuser": true, "username": "admin", "first_name": "", "last_name": "", "email": "", "is_staff": true, "is_active": true, "date_joined": "2023-06-15T11:50:05.682Z", "groups": [], "user_permissions": []}}, {"model": "auth.user", "pk": 2, "fields": {"password": "pbkdf2_sha256$600000$RwRfNn64jkjq2zh27hVMUg$8Rrz6L8ZwFDTn5710jRrLRMggulU+fZ/koopGD3p/JM=", "last_login": "2023-06-21T14:25:36.568Z", "is_superuser": false, "username": "User1", "first_name": "", "last_name": "", "email": "", "is_staff": false, "is_active": true, "date_joined": "2023-06-15T12:13:15.669Z", "groups": [], "user_permissions": []}}, {"model": "auth.user", "pk": 3, "fields": {"password": "pbkdf2_sha256$600000$WU7SxXwkiyLfFOL8IDSsJ6$ZVCGgBepFvSIdCZbAgzL2k23VLcQBNAfxt0lfgepdh0=", "last_login": "2023-06-16T16:57:31.527Z", "is_superuser": false, "username": "User2", "first_name": "", "last_name": "", "email": "", "is_staff": true, "is_active": true, "date_joined": "2023-06-15T12:21:22Z", "groups": [1], "user_permissions": []}}, {"model": "auth.user", "pk": 4, "fields": {"password": "pbkdf2_sha256$600000$G9DQM5hWm4m1qsXg6VYUpp$LZ2Z6ThnNUwtgfPxbRrSkFektro/iA1imguAjvbPsxo=", "last_login": null, "is_superuser": false, "username": "User3", "first_name": "", "last_name": "", "email": "", "is_staff": false, "is_active": true, "date_joined": "2023-06-15T12:21:55Z", "groups": [1], "user_permissions": []}}, {"model": "auth.user", "pk": 5, "fields": {"password": "pbkdf2_sha256$600000$cWJiZu6fima8muDWwymLzc$2/QKVy9gvO61NlR/y2ACMyHgALWu28gOZfIy4uS3mRc=", "last_login": "2023-06-15T12:32:02.823Z", "is_superuser": false, "username": "User4", "first_name": "", "last_name": "", "email": "", "is_staff": true, "is_active": true, "date_joined": "2023-06-15T12:23:33Z", "groups": [], "user_permissions": []}}, {"model": "auth.user", "pk": 6, "fields": {"password": "pbkdf2_sha256$600000$2Y7CcR6GJHaQO5YReelD6o$04BNdpfmCqmYwFiR4Wrl98bqc7Oy1WDSmG6P76gb9DA=", "last_login": "2023-06-22T12:08:23.218Z", "is_superuser": false, "username": "User5", "first_name": "", "last_name": "", "email": "q@gmail.com", "is_staff": false, "is_active": true, "date_joined": "2023-06-21T09:27:09.231Z", "groups": [], "user_permissions": []}}, {"model": "auth.user", "pk": 7, "fields": {"password": "pbkdf2_sha256$600000$gflSgSRZQUmRqx79723kzI$0l6Kd+IUUJCn+w7Bq+ymsE0Yzpj9Y6oEIlSIIaLr5iU=", "last_login": "2023-06-22T08:34:31.947Z", "is_superuser": false, "username": "User6", "first_name": "", "last_name": "", "email": "e@gmail.com", "is_staff": false, "is_active": true, "date_joined": "2023-06-22T08:34:31.362Z", "groups": [], "user_permissions": []}}, {"model": "auth.user", "pk": 8, "fields": {"password": "pbkdf2_sha256$600000$ooDoRSpjwy3VwtPrCeHa7f$90FkJ5i1rXIYlJlM9RJ1cnpT4pJFXeJqlDyz7ekqVJ0=", "last_login": null, "is_superuser": false, "username": "userr", "first_name": "", "last_name": "", "email": "", "is_staff": false, "is_active": false, "date_joined": "2023-06-23T15:47:19Z", "groups": [], "user_permissions": []}}, {"model": "contenttypes.contenttype", "pk": 1, "fields": {"app_label": "admin", "model": "logentry"}}, {"model": "contenttypes.contenttype", "pk": 2, "fields": {"app_label": "auth", "model": "permission"}}, {"model": "contenttypes.contenttype", "pk": 3, "fields": {"app_label": "auth", "model": "group"}}, {"model": "contenttypes.contenttype", "pk": 4, "fields": {"app_label": "auth", "model": "user"}}, {"model": "contenttypes.contenttype", "pk": 5, "fields": {"app_label": "contenttypes", "model": "contenttype"}}, {"model": "contenttypes.contenttype", "pk": 6, "fields": {"app_label": "sessions", "model": "session"}}, {"model": "contenttypes.contenttype", "pk": 7, "fields": {"app_label": "store", "model": "category"}}, {"model": "contenttypes.contenttype", "pk": 8, "fields": {"app_label": "store", "model": "product"}}, {"model": "contenttypes.contenttype", "pk": 9, "fields": {"app_label": "store", "model": "discount"}}, {"model": "contenttypes.contenttype", "pk": 10, "fields": {"app_label": "store", "model": "cart"}}, {"model": "contenttypes.contenttype", "pk": 11, "fields": {"app_label": "store", "model": "profile"}}, {"model": "sessions.session", "pk": "8eimmf7qz7v89bo7upm8vzr9nzfv0pnf", "fields": {"session_data": ".eJxVjDsOwjAQBe_iGln-ZO01JT1nsNY_HEC2FCcV4u4QKQW0b2bei3na1uq3kRc_J3Zmkp1-t0DxkdsO0p3arfPY27rMge8KP-jg157y83K4fweVRv3WggoCROWcSCZCkSAxE9iAykmN0RgB1ipLVuQyuaJRJWlQlVCSdpNg7w_EMjb8:1qC1Ki:OWNIZ20OXKGGqnCfxCiqNENhKMyqzP1VXC5lEk4ljf8", "expire_date": "2023-07-05T17:09:28.136Z"}}, {"model": "sessions.session", "pk": "an8e3r8lq84ssgb0n56nebdo3dbk5p0n", "fields": {"session_data": ".eJxVjDsOwjAQBe_iGln-ZO01JT1nsNY_HEC2FCcV4u4QKQW0b2bei3na1uq3kRc_J3Zmkp1-t0DxkdsO0p3arfPY27rMge8KP-jg157y83K4fweVRv3WggoCROWcSCZCkSAxE9iAykmN0RgB1ipLVuQyuaJRJWlQlVCSdpNg7w_EMjb8:1qBytP:_VbH2NAjqHBvHzUhb8tvPJYcGC8_KhNHRQ_gylYHj8Y", "expire_date": "2023-07-05T14:33:07.663Z"}}, {"model": "sessions.session", "pk": "cywrfngzv5tc5b928kdqbx1wol0jrero", "fields": {"session_data": ".eJxVjDsOwjAQBe_iGln-ZO01JT1nsNY_HEC2FCcV4u4QKQW0b2bei3na1uq3kRc_J3Zmkp1-t0DxkdsO0p3arfPY27rMge8KP-jg157y83K4fweVRv3WggoCROWcSCZCkSAxE9iAykmN0RgB1ipLVuQyuaJRJWlQlVCSdpNg7w_EMjb8:1qCF4u:R74Wc0ZbgWc9bbN_FmFFqhs8AOTgnhhiP3hDlxAhtYQ", "expire_date": "2023-07-06T07:50:04.418Z"}}, {"model": "sessions.session", "pk": "dlm5epu9ryehju7jqd56ltfu30x2plhk", "fields": {"session_data": ".eJxVi00OAiEMRu_StZlAh07AnXoQArQNxqjJMKyMdxeTWeju-3nvBTH1rcbeZI1XhiMscPjdcio3eXyPtj1Xmfbepksfw_00wPOO_Hk1tTokiy6wIwyoVpD9yMVYyVZT9mXmrGyNE2EpqELGZx9IHc1siHQx8P4A3dU1Ng:1qCJ6t:R3d0sS7ZrPKlcHgaCQH96r3X9gcF2ArQu0s-3o2lFiI", "expire_date": "2023-07-06T12:08:23.238Z"}}, {"model": "sessions.session", "pk": "gs5wfap1ue0q8jq4dqc6997kr2ygz1h8", "fields": {"session_data": ".eJxVjDsOwjAQBe_iGln-ZO01JT1nsNY_HEC2FCcV4u4QKQW0b2bei3na1uq3kRc_J3Zmkp1-t0DxkdsO0p3arfPY27rMge8KP-jg157y83K4fweVRv3WggoCROWcSCZCkSAxE9iAykmN0RgB1ipLVuQyuaJRJWlQlVCSdpNg7w_EMjb8:1qC1Kk:O7_Wu0EZxSGi7MXTdVHw8MJrQK-One2EH06sUk4G15c", "expire_date": "2023-07-05T17:09:30.716Z"}}, {"model": "store.category", "pk": 1, "fields": {"name": "Vegetables"}}, {"model": "store.category", "pk": 2, "fields": {"name": "Fruits"}}, {"model": "store.category", "pk": 3, "fields": {"name": "Juice"}}, {"model": "store.category", "pk": 4, "fields": {"name": "Dried"}}, {"model": "store.product", "pk": 1, "fields": {"name": "Bell Pepper", "description": "Болгарский перец", "price": "120.00", "image": "static/products/product-1.jpg", "category": 1, "created_time": "2023-06-16T17:08:39.162Z", "updated_time": "2023-06-16T17:08:39.162Z"}}, {"model": "store.product", "pk": 2, "fields": {"name": "Strawberry", "description": "Клубника", "price": "120.00", "image": "static/products/product-2.jpg", "category": 2, "created_time": "2023-06-16T17:09:11.526Z", "updated_time": "2023-06-16T17:09:11.526Z"}}, {"model": "store.product", "pk": 3, "fields": {"name": "Green Beans", "description": "Зеленая фасоль", "price": "120.00", "image": "static/products/product-3.jpg", "category": 1, "created_time": "2023-06-16T17:09:36.138Z", "updated_time": "2023-06-16T17:09:36.138Z"}}, {"model": "store.product", "pk": 4, "fields": {"name": "Purple Cabbage", "description": "Фиолетовая капуста", "price": "120.00", "image": "static/products/product-4.jpg", "category": 1, "created_time": "2023-06-16T17:10:02.770Z", "updated_time": "2023-06-16T17:11:29.728Z"}}, {"model": "store.product", "pk": 5, "fields": {"name": "Tomato", "description": "Помидор", "price": "120.00", "image": "static/products/product-5.jpg", "category": 1, "created_time": "2023-06-16T17:10:24.800Z", "updated_time": "2023-06-16T17:11:16.911Z"}}, {"model": "store.product", "pk": 6, "fields": {"name": "Broccoli", "description": "Брокколи", "price": "120.00", "image": "static/products/product-6.jpg", "category": 1, "created_time": "2023-06-16T17:11:02.564Z", "updated_time": "2023-06-16T17:11:02.564Z"}}, {"model": "store.product", "pk": 7, "fields": {"name": "Carrots", "description": "Морковь", "price": "120.00", "image": "static/products/product-7.jpg", "category": 1, "created_time": "2023-06-16T17:27:31.191Z", "updated_time": "2023-06-16T17:27:31.191Z"}}, {"model": "store.product", "pk": 9, "fields": {"name": "Fruit Juice", "description": "Фруктовый сок", "price": "120.00", "image": "static/products/product-8.jpg", "category": 3, "created_time": "2023-06-16T17:31:20.616Z", "updated_time": "2023-06-16T17:31:20.616Z"}}, {"model": "store.product", "pk": 10, "fields": {"name": "Onion", "description": "Лук", "price": "120.00", "image": "static/products/product-9.jpg", "category": 1, "created_time": "2023-06-19T14:52:11.311Z", "updated_time": "2023-06-19T14:52:11.311Z"}}, {"model": "store.product", "pk": 11, "fields": {"name": "Apple", "description": "Яблоко", "price": "120.00", "image": "static/products/product-10.jpg", "category": 2, "created_time": "2023-06-19T14:52:11.311Z", "updated_time": "2023-06-19T14:52:11.311Z"}}, {"model": "store.product", "pk": 12, "fields": {"name": "Garlic", "description": "Чеснок", "price": "120.00", "image": "static/products/product-11.jpg", "category": 1, "created_time": "2023-06-19T14:52:11.311Z", "updated_time": "2023-06-19T14:52:11.311Z"}}, {"model": "store.product", "pk": 13, "fields": {"name": "Chilli", "description": "Перец Чили", "price": "120.00", "image": "static/products/product-12.jpg", "category": 1, "created_time": "2023-06-19T14:56:30.479Z", "updated_time": "2023-06-19T14:56:30.479Z"}}, {"model": "store.discount", "pk": 1, "fields": {"product": 1, "value": 30, "date_begin": "2023-06-20T14:41:29Z", "date_end": "2023-06-21T14:41:38Z"}}, {"model": "store.discount", "pk": 2, "fields": {"product": 5, "value": 30, "date_begin": "2023-06-20T14:41:53Z", "date_end": "2023-06-21T14:41:55Z"}}, {"model": "store.discount", "pk": 3, "fields": {"product": 10, "value": 30, "date_begin": "2023-06-20T14:42:04Z", "date_end": "2023-06-21T14:42:08Z"}}, {"model": "store.cart", "pk": 1, "fields": {"user": 2, "quantity": 1, "product": 1}}, {"model": "store.cart", "pk": 2, "fields": {"user": 2, "quantity": 1, "product": 4}}, {"model": "store.cart", "pk": 3, "fields": {"user": 2, "quantity": 2, "product": 4}}, {"model": "store.cart", "pk": 7, "fields": {"user": 1, "quantity": 1, "product": 1}}, {"model": "store.cart", "pk": 8, "fields": {"user": 1, "quantity": 36, "product": 11}}, {"model": "store.profile", "pk": 1, "fields": {"user": 7, "address": null, "phone_number": null}}, {"model": "store.profile", "pk": 2, "fields": {"user": 1, "address": null, "phone_number": null}}, {"model": "store.profile", "pk": 3, "fields": {"user": 2, "address": null, "phone_number": null}}, {"model": "store.profile", "pk": 4, "fields": {"user": 3, "address": null, "phone_number": null}}, {"model": "store.profile", "pk": 5, "fields": {"user": 4, "address": null, "phone_number": null}}, {"model": "store.profile", "pk": 6, "fields": {"user": 5, "address": null, "phone_number": null}}, {"model": "store.profile", "pk": 7, "fields": {"user": 6, "address": null, "phone_number": null}}, {"model": "store.profile", "pk": 8, "fields": {"user": 8, "address": null, "phone_number": null}}]